Greta Thunberg: Bhoomikku Vendi Oru School Kuttiyude Porattam,P S Rakesh,104,130.00
Kathayum Kathapathrangalum Sankalppikamalla,P V Shajikumar,88,120.00
Rafflesia (Malayalam),Alice Dodgson,118,200.00
Keralam: Susthira Vikasanathinu Oru Rooparekha,T P Kunjikkannan,199,240.00
Thenurumpine Theneechayakkam,M P Lipin Raj,104,140.00
Sakthi Seetha,B Sandhya,70,100.00
Oppam Kazhinja Kaalam,N Sreenivasan,232,350.00
Pusthakathinte Poomukham,M T Vasudevan Nair,312,390.00
Kadal Aarude Veedanu,Moncy Joseph,,150.00
Kalyaniyennum Dakshayaniyennum Peraya Randu Sthreekalude Katha,R Rajasree,271,300.00
Hydrangea (Malayalam),Lajo Jose,262,300.00
Susannayude Granthappura,Ajay P Mangatt,254,275.00
Oru Sthreeyum Parayathathu,Ashitha,70,100.00
Thanmayam,Priya A S,256,275.00
Mohanam,GoodKnight Mohan,288,350.00
Samudrasila ,Subhash Chandran,304,325.00
Nadodikkappalil Naalumaasam,T J S George,110,140.00
Athu Njanayirunnu,"Ashitha
                            
                                            
                            ,                 
                                                      Shihabuddin Poythumkadavu",144,175.00
Celluloid Swapnatakan,Ramachandra Babu,360,400.00
Payyante Rajavu,V K N,120,160.00
Pranayathinte Chathuranellikkakal,Joy Mathew,208,225.00
Rebel Sulthanmar,Manu S Pillai,344,350.00
Kailasayathra,Swami Thapovanam,215,200.00
Euthanasia,Benyamin,119,135.00
Afghanistan: Oru Apakatakaramaya Yathra,Joemon Joseph,176,200.00
Taxi Driverum Kamukiyum,Arshad Bathery,95,140.00
Nilavinariyam,Shihabuddin Poythumkadavu,126,130.00
Njan Snehicha Pusthakangal,Osho,208,200.00
Vazhi Kandupidikkunnavar ,Devadas V M,135,150.00
Irunooru Innu Kathakal,"Many Authors
                            
                                            
                            ,                 
                                                      Manamboor Rajan Babu",104,100.00
Solo Stories (Malayalam),Venu,168,200.00
Padapusthakam,Subhash Chandran,118,120.00
Oru Thoniyude Athmakathayil Ninnnu,N Prabhakaran,95,100.00
Sareerasaasthram,Benyamin,232,250.00
Pranayam Anchadi Ezhinchu,Gracy,88,90.00
Kakke Kakke Koodevide,Anita Nair,126,130.00
Aamughamillatha Anubhavangal,P M Jabir,112,125.00
Bhrithyavatsalyavum Mattu Kathakalum,Karoor Neelakanda Pillai,182,190.00
Valathuvasam Chernnu Nadakkuka,Civic Chandran,184,200.00
Pranayapachakam,Anita Nair,206,175.00
Enthu Padikkanam Engane Thozhil Nedam,Murali Thummarukudy,176,160.00
Pakalswapnathil Veyilu Kaayaan Vanna Oru Nari,Santhosh Echikkanam,103,100.00
Ashithayude Kathukal,Ashitha,167,170.00
NaranayumParavayayum,Santhosh Echikkanam,88,90.00
Film Direction (Malayalam),Sajan Theruvappuzha,299,300.00
Kaalante Delhi Yathra Anthikkadu Vazhi,Innocent,96,90.00
Irinjalakudakku Chuttum,Innocent,136,125.00
Yesuvinte Jeevitham,Leo Tolstoy,134,130.00
Kaadethu Kaduvayethu Njanethu?,N A Naseer,168,190.00
Kamakhya,Pradeep Bhaskar,384,350.00
Sareeram Sreshtamaya Upakaranam / Manassu Swantham Vyavaharam ,Sadhguru Jaggi Vasudev,104,200.00
Desanthara Yathrakal,Saji Varghese,256,225.00
Oru Lookkillanne Ulloo Bayankara Budhiya,K V Madhu,103,100.00
Masnavi,Jalaluddin Rumi,158,150.00
Budhan Paranja Kathakal,Anilkumar Thiruvoth,80,70.00
Nanmayute Poomaram,"Benjamin Bailey
                            
                                            
                            ,                 
                                                      K Sreekumar",152,150.00
Aana Doctor,Jayamohan (Tamil writer),110,90.00
V K Krishna Menon (Malayalam),T J S George,367,325.00
Prachodippikkunna Prabhashanangal,A P J Abdul Kalam,512,400.00
Kamapooja,K T Ramavarma,239,220.00
Mathrubhumi Aazhchappathippu Kathakal 2016,Many Authors,414,400.00
Kozhikodinte Katha,M G S Narayanan,152,150.00
Divyam,U R Ananthamurthy,240,"220.00

              199.00"
Gurumukhangal,Bhanuprakash,216,210.00
Londonilekku Oru Road Yathra,Baiju N Nair,368,325.00
Ordinary (Malayalam),Bobby Jose Kattikadu,192,200.00
Bahishkrithar,Sharan Kumar Limbale,215,"200.00

              180.00"
Curtain (Malayalam),N N Pillai,240,220.00
Vranam Pootha Chantham,N A Naseer,80,100.00
Kaattil Oppam Nadannavarum Pozhinjupoyavarum  ,N A Naseer,160,150.00
Siruthu Neram Manithanayi Irunthavan,Vairamuthu,135,125.00
Soorya Mathsyathe Vivarikkal,Meythil Radhakrishnan,62,75.00
Changampuzha Park,Sethu,168,160.00
Ente Jayilanubhavangal,Subaida,72,65.00
Penn Kurisu,Sonia Rafeek,112,100.00
Anusmarana,V K N,184,170.00
Konthala,Kalpetta Narayanan,95,100.00
Ethetho Saranikalil,C V Balakrishnan,229,220.00
Viswothara Christmas Kathakal,Many Authors,136,125.00
Avan (Mar)Jaraputhran,Madhupal,126,160.00
Nithyadhyanam,Hazrat Inayat Khan,120,110.00
Brennen Dinangal,"P T Muhamed Sadik
                            
                                            
                            ,                 
                                                      Punathil Kunjabdulla",54,50.00
Dhyana Padangal,P N Das,174,160.00
Puthiya Manushyanakan,Swami Gururathnam Jhana Thapaswi,191,175.00
Onnilum Tholkkathirikkan,C Radhakrishnan,208,190.00
Chiriyude Kodiyettam,K V Madhu,104,100.00
Anantharam Sangeethamundayi,Ravi Menon,200,180.00
Manvilakkukal Pootha Kalam,Ravi Menon,192,175.00
Ente Videsayathra: Charlie Chaplin ,"Charlie Chaplin
                            
                                            
                            ,                 
                                                      P Jayalakshmi",200,180.00
Desasnehikalum Pakshapathikalum,Ramachandra Guha,350,325.00
Oliver Twist (Malayalam),Charles Dickens,127,110.00
Napoleon (Malayalam),Nishanth Puthuppanam,96,90.00
Muthassi Ramayanam,"K A Francis
                            
                                            
                            ,                 
                                                      N Somasekharan",150,160.00
Greek Purana Kathakal,P Ajithkumar,128,110.00
Aayirathonnu Ravukalile Manthrika Kathakal,Gafoor Arakkal,127,110.00
Theevravadathinte Rashtreeyavum Prathyayasasthravum,K Venu,150,140.00
Ente Jyeshtathi Kamala,Sulochana Nalapat,176,160.00
Palum Pazhavum,T N Gopakumar,112,100.00
Doctor Akathilla,Punathil Kunjabdulla,111,95.00
Poonaranga,Joy Mathew,164,150.00
Kalayum Sahithyavum,"Madhu Master
                            
                                            
                            ,                 
                                                      Sigmund Freud",221,200.00
Rogasanthikku Yoga,"C Haridasan
                            
                                            
                            ,                 
                                                      K V Dileepkumar,Dr.",280,250.00
100 Fish Recipes,Roshnara,127,110.00
Malayalathile Paristhithy Kathakal,Ambikasuthan Mangad,222,200.00
Vijaya Padangal Parajayathil Ninnum,Joseph Chavara,95,95.00
Oru Prakruthi Snehiyude Anubhava Kurippukal,Pyotr Manteufel,80,70.00
Swami Ranganaathanantha,D Vijayamohan,176,150.00
Mirza Ghalib (Malayalam),K P A Samad,288,"270.00

              245.00"
Adunissinte Thiranjedutha kavithakal,Adunis,151,175.00
Sufism: Pranayamargathinte Lavanyam,Siddiq Muhammad,208,175.00
Manasika Sammardam: Kaaranangalum Pariharangalum,"P K Sukumaran, Dr.",151,130.00
Vasthavam,K Jayachandran,264,210.00
Harinama Keerthanam Muthal King Lear Vare,B Hrudayakumari,255,220.00
Rigveda Paryatanam,C N Parameswaran,328,300.00
Vilappurangal,Lizy,310,275.00
Jeevitham Enna Kala,M K Gandhi,301,275.00
Akkitham: Hrudayathil Kannulla Kavi,Vadakkumpadu Narayanan,263,225.00
Sapta Nadykalude Nadu,Sanjeev Sanyal,334,290.00
Prakasam Parathunna Jeevithangal,K Viswanath,88,75.00
Gandhi Nadanna Vazhikaliloode,Sreekanth Kottakkal,191,170.00
Kamasutram,"N Moosakkutty
                            
                                            
                            ,                 
                                                      Vatsyayanan",214,150.00
Vaikom Sathyagraham,E Rajan,302,260.00
Mathrubhumi Azhchapathippu Kathakal 2015,Many Authors,528,400.00
Kathayalla Jeevitham Thanne,Unnikrishnan Puthoor,208,190.00
Samthruptha Dampathya Vijnanam,Swami Nirmalanandagiri Maharaj,120,110.00
Varoo Daivame Varoo,C V Balakrishnan,126,110.00
Avukaderkutty Naha ,Nellikkuthu Abdurahman Musliyar,160,150.00
Thadavukaran Jailor Pradhanamanthri,Tabrik C,292,290.00
Salabhamazha,Adila A Kabeer,120,100.00
Aananda Lahari,Sadhguru Jaggi Vasudev,247,225.00
M S Subbulakshmi (Malayalam),Manjulamala MV,110,90.00
Aathmavelicham,A K Abdul Majeed,207,165.00
Ponnurukum Pookkalam,K K Vinod Kumar,168,150.00
Kathayakkanavaathe,Subhash Chandran,143,120.00
Njanenna Bharatheeyan,K K Mohammed,168,280.00
Spain: Kaalapporinte Naadu,Karoor Soman,216,175.00
Short Film Nirmmanam,Sajan Theruvappuzha,156,125.00
Njan Sita,Ananya G,111,90.00
Babukka,Bicha Baburaj,184,165.00
T Damodaran : Jeevithavum Rachanayum,Deedi Damodaran,168,140.00
Sita,Snehalata Reddy,70,60.00
Matsya Mazha Peyyunna Sandhyakal,N Sasidharan,214,180.00
Thalassery Pachakam,Raziya Latheef,200,160.00
Ardramee Dhanumasa Ravil ,Sreedevi Kakkad,247,220.00
Ilakal Kozhiyatha Marangal,S Jayachandran Nair,400,325.00
Ramana Maharshi: Jeevithavum Vakkum,T S Pranatharthiharan,150,125.00
Ramana Maharshi Paranja Kathakal,P M Narayanan,135,140.00
Ramana Maharshi (Mathrubhumi Edition),Saraswathi S Varier,336,270.00
R Sankar: Oru Yugasrashtavu,Anchayil Raghu,398,350.00
Orthunokkumbol,Sarathkrishna,88,75.00
Yanthralochanam,Susmesh Chandroth,72,60.00
Aathmakatha: Subash Chandra Bose,Subhash Chandra Bose,191,170.00
Zen: Navyathayude Aakasham,Shunryu Suzuki,159,130.00
Saddaminte Barber,P S Rafeeque,88,70.00
Maranakkinar Enna Upama,V Jayadev,119,100.00
Meera Padunnu,Ashitha,135,110.00
Shikhara Sooryan,Chandrasekhara Kambar,526,425.00
Ashtopanishathukal,T Sivasankaran Nair,271,225.00
Mahabharatha Parikramam,C K Chandrasekharan Nair,166,150.00
Karma Rahasyam,Swami Chidanandapuri,134,125.00
Azhukkillam,Rafeeq Ahammed,208,190.00
Athmachaya,Susmesh Chandroth,488,390.00
Guruvayoor Sathyagraham,E Rajan,312,250.00
Bhagavatha Sameeksha,C K Chandrasekharan Nair,158,130.00
Engane Nalla Digital Photographer Aakam,Ajith Aravind,152,160.00
Aathmavinte Adikkurippukal,Sathyan Anthikad,167,160.00
Oru Pravasiyude Ekantha Dinangal,E K Dinesan,134,115.00
Ormakalilekku Oru Yathra,Kochouseph Chittilappilly,199,160.00
Subhash Chandra Bosinte Thirodhanam,P S Rakesh,110,95.00
K G Georginte Chalachitrayatrakal,K B Venu,225,200.00
Basheer,M N Vijayan,150,120.00
100 Dhyanangal,Shoukath,304,230.00
Apoorvaragam,T Padmanabhan,198,200.00
Athikayan,Sajil Sreedhar,312,275.00
Ithihasathinte Ithalukal,B Sandhya,264,240.00
Verutheyirikkuvin,O P Suresh,103,85.00
Aanamanushyante Aathmakatha,Rajan Chungath,255,230.00
Paadam Onnu: Aathmavishwasam,M P Lipin Raj,152,120.00
Gandhi Quiz,V K Balakrishnan Nair,144,110.00
Samavarthanam,Aneesh Kuttan,144,125.00
Oru Nadante Blogezhuthukal,Mohanlal,184,150.00
P Jayachandran: Malayalathinte Madhuchandrika,S Manoharan,183,170.00
P K Athava Punathil Kunjabdulla,E M Ashraf,136,110.00
Njan Obama,C Sandeepani,56,45.00
Cinema Samooham Prathyayasasthram,Raveendran,198,140.00
Virathaangikku Chuttum,George Pulikkan,125,100.00
Kavithayude Jeevacharitram,Kalpetta Narayanan,232,180.00
M Mukundan: Kathayum Jeevithavum,A V Pavitran,72,60.00
Thathwabodham,Sri Sankaracharyar,56,50.00
Agola Thapanam,A Rajagopal Kammath,222,170.00
Veedum Mattu Kathakalum,M Mukundan,95,80.00
Aathmakatha: P Bhaskaran,P Bhaskaran,270,230.00
Ravanan: Parajitharude Gatha,Anand Neelakantan,495,450.00
Bookstalgia,P K Rajasekharan,214,200.00
Rakthasakshikal,Chamanlal Azad,240,210.00
Puthiya Pennu,Rubeena Niwas,96,80.00
Kuriyedathu Thathri Vicharathinte Kaanappurangal,Biju Kaippanplakkal,110,90.00
Jamanthikal Suganthikal,Santhosh Echikkanam,87,80.00
P P Ramachandrante Kavithakal,P P Ramachandran,317,250.00
Onapaattukaar,Many Authors,184,140.00
Pranaya Marmarangal,K P Sudheera,160,125.00
Muthuchippy,Sugathakumari,104,90.00
Thantra: Aagamamgal Jnanarthangal,Swami Nirmalanandagiri Maharaj,134,120.00
Ashtanga Yoga,Narasimhan Chemmangad,464,415.00
Vedasaurabham,M R Rajesh,440,350.00
Palaloka Kavitha,"Many Authors
                            
                                            
                            ,                 
                                                      Satchidanandan",470,360.00
Kaadum Camerayum,N A Naseer,200,270.00
Pidakkozhi Koovaruthu!,M N Karassery,206,160.00
Kaadukalude Thaalam Thedi,Sujatha Devi,127,100.00
Navodhana Kaalathe Keralam,Surendran Cheekkilode,86,70.00
Visham Theendiya Pachacurry,P K Jayachandran,55,40.00
M Tyude Kaalam,Punalur Rajan,96,400.00
Yesudas: Oppam Nadanna Camera,P David,96,400.00
Daivathinulla Thuranna Kathukal,Mohanlal,77,65.00
Murali Gopiyude Kathakal,Murali Gopi,126,115.00
Pancha Kanyakamar,Sumangala,358,275.00
Kularnava Thantram,Poonthottam Chandramohan,336,260.00
Karinkodi,K Raghunathan,303,240.00
Keralathile Aadivasikal: Jeevithavum Samskaravum,Santha Thulasidharan,359,280.00
Chandranil Irangiya Aadyamanushyar,H G Wells,232,175.00
Brihadaranyaka Upanishad,T Sivasankaran Nair,270,210.00
Njan Da Vinci,P Seema,56,45.00
Mamsathinte Ragam Sareeram,Susmesh Chandroth,86,70.00
Jeevithakkazhchakal,"V P Gangadharan, Dr.",110,95.00
Oru Vadakkan Veeragatha: 25 Varshangal,Rajiv Mankottil,128,110.00
Veendum Pathmatheertha Karayil,G Sekharan Nair,102,80.00
Good Night (Malayalam Play),N N Pillai,37,30.00
Agnihotra Rahasyam,M R Rajesh,160,130.00
Chithra Yathrakal,"N P Vijayakrishnan
                            
                                            
                            ,                 
                                                      Namboothiri",103,80.00
Vyakthitva Visakalanam Mukha Lakshanangaliloode,P K A Rasheed,215,170.00
Bygone Days,K P Kesava Menon,392,450.00
Ashithayude Kathakal,Ashitha,264,250.00
K V Anoopinte Kathakal,K V Anoop,248,190.00
Ezhuth Abhimukham Nilkkunnu,A K Abdul Hakkeem,280,225.00
Nithyakanyakaye Thedi,P Kunhiraman Nair,126,100.00
Ayyankali Muthal Paschimaghattam Vare,V S Achuthanandan,192,170.00
Kunnukal Nakshatrangal,E Santhoshkumar,70,65.00
Ente Kuthippum Kithappum,"Joseph Vadakkan, Fr.",384,300.00
Mathrubhumi Azhchapathippu Kathakal 2014,Many Authors,405,300.00
J Krishnamurti: Oru Jeevitham,M T N Nair,124,80.00
Vichinthanangal Smaranakal,M P Veerendrakumar,184,215.00
Kundalini Rahasyam,M T N Nair,184,170.00
Childhood Friend,Vaikom Muhammad Basheer,78,100.00
Me Grandad 'ad An Elephant!,Vaikom Muhammad Basheer,96,100.00
Pattumma's Goat,Vaikom Muhammad Basheer,,130.00
Jayaprakasham,Vishnu Narayanan Namboodiri,55,50.00
Delicious Cakes: Lokothara Cakukalum Icingukalum,Lilly Babu Jose,133,150.00
Puthumazhachoorulla Chumbanangal,Shahina E K,94,80.00
Kavachitham,Socraties K Valath,111,90.00
Visudha Jeriyayude Jeevithathil Ninnu,M Kamarudheen,78,65.00
Communalist Manifesto (Mathrubhumi),P N Kishorkumar,78,65.00
Nilanirjhari,Joy Vazhayil,151,125.00
Neethiyude Rashtreeyam,P S Sreedharan Pillai,103,80.00
Jeevitha Vijayathilekku Oru U Turn,Vipin V Roldant,128,110.00
Vicharam Vimarsam Viswasam,S Saradakkutty,175,140.00
Ryante Kinar,Abdullakutty Edavanna,64,50.00
Sudevante Thirakkathakal,Sudevan,184,140.00
Casting Mantrisabha 1981-82,A Jayasankar,207,190.00
Green Zoninu Veliyil Ninnu Ezhuthumpol,Benyamin,160,125.00
Oru Adimayude 12 Varshangal,Solomon Northup,200,175.00
Brazilian Nadodikathakal,N Moosakkutty,86,75.00
Portuguese Nadodikathakal,N Moosakkutty,143,100.00
Maappilamar Engottu?,Khan Bahadur K Muhammed,149,115.00
Nakshatrangalude Chiri,Akbar Kakkattil,134,100.00
Visudha Chumbanam,C V Balakrishnan,215,165.00
Mohanlalinte Yatrakal,Mohanlal,192,"2,000.00"
Chavarayachan: Kerala Adhunikathvathinte Silpi,John Mannaranthara,257,500.00
Vagbhatanandante Sampoorna Kruthikal,Vagbhatananda Guru,1086,700.00
Priyappetta Paattukal,M D Manoj,340,250.00
Manasinte Anantha Visthruthi,J Krishnamurti,92,75.00
Vedam Dharmamoolam,V K Narayana Bhattathiri,111,85.00
Jung: C G Junginte Jeevithavum Manasastra Sambhavanakalum,Jaisankar Pothuvath,87,70.00
Jeevante Nilanilp,Vandana Shiva,311,240.00
Aparathayodu Anuragapoorvam,K Jayakumar,96,75.00
Laughing Cancer Away,Innocent,95,125.00
Kelkkanorthoru Madhurithaganam,P K Dayanandan,104,80.00
Kishore Kumar: Sangeethavum Jeevithavum,Nadeem Naushad,104,80.00
Left Right Left (Malayalam),Murali Gopi,160,120.00
Nishabda Kalaapangal,Anuradha,160,125.00
Nivedita,Beena Govind,176,160.00
Television Padanangal: Nammeyokkeyum Bandhicha Saadhanam,C S Venkiteswaran,151,115.00
Mohammed Rafi: Sangeethavum Jeevithavum,Vinod Viplav,133,110.00
Chandrayaan,Karoor Soman,88,70.00
Madhya Thiruvithamkoor Paachakam,Lilly Babu Jose,101,80.00
Dr S Radhakrishnan,C P Sreedharan,142,110.00
Ente Bhasiyannan,Padman,184,160.00
Oru Desam Nuna Parayunnu,A Santhakumar,184,140.00
Apoornathayude Oru Pusthakam,Praveen Chandran,128,110.00
Ezhuthu Vayana Jeevitham,Vinu Abraham,112,85.00
Indian Kavitha,Satchidanandan,358,300.00
Hittukalude Katha,Beena Ranjini,263,210.00
Delhi Diary,V K N,143,110.00
Yathayatham,Vishnu Narayanan Namboodiri,112,90.00
Vayichu Theeratha Achan,Radhakrsihnan M G,94,75.00
Gurubrahmam,Yusuf Ali Kechery,71,60.00
Vijayapatham,Debashis Chatterjee,166,125.00
Shubayathra,S R Nair,118,90.00
Alanju Thirinjoru Jeevitham,Guy de Maupassant,125,100.00
Veyilil Oru Kaliyezhuthukaari,Sithara S,79,75.00
Ninnil Charunna Nerathu,Rekha K,93,90.00
Santhapthan,Sreekrishna Alanahalli,76,40.00
Plavu,K R Jayan,104,80.00
Karmayogi: E Sreedharante Jeevithakatha,M S Asokan,215,190.00
Thazhvarayude Sangeetham,"Lao Tzu
                            
                                            
                            ,                 
                                                      Shoukath",279,235.00
Idris: Velichathinte Kavalkkaran,"Anita Nair
                            
                                            
                            ,                 
                                                      Smitha Meenakshi",364,325.00
Marquezinte Nattilum Veettilum,Madhu S Nair,152,125.00
Pranayam Pole Yathrakal,Punathil Kunjabdulla,78,70.00
Anandathilekkoru Kavadam,Ajahn Brahm,239,190.00
Chanakya Neethisaram,"Arikkatt Kamakshikutti Amma
                            
                                            
                            ,                 
                                                      Chanakya",111,100.00
Jathi Vyavastha,Ram Manohar Lohia,158,125.00
Lionel Messi: Tharodayathinte  Katha,K V Anoop,126,100.00
Kaadine Chennu Thodumpol,N A Naseer,216,225.00
Celestial Plane,Thanuja S Bhattathiri,72,60.00
Grand Finale,Thanuja S Bhattathiri,151,115.00
Cinemanubhavam,Adoor Gopalakrishnan,110,95.00
Apachayathinte Adayalangal,Appukkuttan Vallikkunnu,208,160.00
Poornendumukhi,Ravi Menon,104,80.00
Hans Christian Andersen Kathakal,Hans Christian Andersen,200,125.00
Beagle Yathra,Charles Darvin,278,250.00
Aathmakatha Max Muller,Max Muller,174,110.00
Arunachal Nadodikadhakal,Sathyanarayanan Mundayoor,80,70.00
Padiyirangippoya Parvathiyum Mattu Kathakalum,Gracy,71,65.00
Sangeetha Yatrakal,Alankodu Leelakrishnan,119,90.00
Nagnapurushan,Desmond Morris,277,225.00
Kathayil Alpam Kavyam,Kavya Madhavan,112,100.00
Doctorum Paapiyum,Punathil Kunjabdulla,135,100.00
Snehavirunnum Mattu Kathakalum,C V Balakrishnan,127,100.00
Dilliyile Chumarukal,Uday Prakash,192,150.00
Sivena Sahanarthanam,Ashitha,104,80.00
Puthiya Theerangal,Benny P Nayarambalam,120,90.00
Ente Kavitha,Desamangalam Ramakrishnan,158,110.00
Nelson Mandela,K Radhakrishnan,143,110.00
Saudikalude Adimakal,Joy C Raphael,128,100.00
Oru Indian Pranayakatha,Iqbal Kuttippuram,128,100.00
Annayum Rasoolum,Santhosh Echikkanam,120,100.00
Ashani Sanket (Malayalam),Bibhutibhushan Bandopadhyay,136,100.00
Cancer Wardile Chiri,Innocent,127,130.00
Kunnumpuram Carnival,T P Venugopalan,95,75.00
Pulmettile Neela Shalabhangal,P Surendran,104,80.00
Vayal Theruv Theevandi,P Surendran,111,100.00
Gurudarsanam Samakaleena Jeevithathil,B Ashok,127,100.00
Muthassanum Muthassiyum Pakarnnu Thannathu,Many Authors,104,90.00
Vayanayude Varthamanam,V R Govindanunny,87,80.00
Meenukalude Aakasavum Paravakalude Bhoomiyum,Arshad Bathery,104,85.00
Spanish Masala,Benny P Nayarambalam,110,85.00
Kaazhchappaadukal,Muralee Thummarukudy,158,125.00
Vivarthanam,V K N,71,60.00
Njaninmel Kali,V K N,104,90.00
Kochuthresiayude Lokam,Kochuthresia,136,100.00
Pathradhiparude Vyasanam,V K N,158,150.00
Mathrubhumi Azhchapathippu Kathakal 2013,Many Authors,422,300.00
Bhagavad Gitakku Oramukham,Swami Nirmalanandagiri Maharaj,120,110.00
Swathantrya Samarathile Pennperuma,Swaminee Sreedharan,111,90.00
Gadgil Reportum Kerala Vikasanavum,T P Kunjikkannan,110,85.00
Matham Paurasthya Paschathya Rajyangalil,S Radhakrishnan,118,100.00
Cinemayude Yathrakal,Dr Biju,152,115.00
Rafeeq Ahammedinte Kavithakal,Rafeeq Ahammed,373,350.00
Nee Pokunnidam,Surab,110,85.00
Njan Malala (Mathrubhumi Edition),P S Rakesh,104,90.00
Chinese Pachakam (Mathrubhumi Edition),Raziya Latheef,152,125.00
Njan Hinduvanu,Asghar Wajahat,143,100.00
T A Shahidinte Thirakkathakal,T A Shahid,382,300.00
Nalla English,E Narayanan Nambiar,240,190.00
Shutter (Screenplay),Joy Mathew,112,90.00
Maunathinte Sambalam Maranam,C R Parameswaran,238,185.00
Danube Saakshi,M P Veerendrakumar,462,400.00
Axel Muntheyude Ormakal,Axel Munthe,136,95.00
Viswaprasidha Pranayakathakal,Many Authors,166,120.00
Vihitham,Subhash Chandran,70,65.00
Pathrapravarthakanaya Gandhiji,Aby P Joy,104,75.00
Kitchen Manifesto,Punathil Kunjabdulla,102,90.00
Manushyan Enna Sahajeevi,Benyamin,84,80.00
Ente Makal Olichodum Munp,Susmesh Chandroth,112,85.00
Aarkkanu Bhranth?,M P Narayana Pillai,96,85.00
Cricket Varthamanangal,K Viswanath,135,95.00
Rathisamrajyam,Nalappattu Narayana Menon,543,350.00
Moideen Kanchanamala: Oru Apoorva Pranayajeevitham,P T Muhamed Sadik,151,170.00
Kalimannu,Blessy,104,75.00
Sahithyavum Charitravum: Dharanayude Sadhyathakal,Kesavan Veluthatt,159,110.00
Chandogyopaniá¹£had,T Sivasankaran Nair,255,190.00
Daivam Snehamanu,Thikkodian,48,30.00
Maythil Kathakal,Meythil Radhakrishnan,423,380.00
Kochi Rajavinte Kasiyatra,Veera Kerala Varma Maharajavu,72,60.00
Swargathilekku Onnara Ticket,Jayasuryadas Nalappat,46,75.00
Malayala Achadi Madhyamam: Bhoothavum Varthamanavum,M Jayaraj,342,225.00
Ponmuttayidunna Tharavu,Raghunath Paleri,137,100.00
Paavam Paavam Rajakumaran,Sreenivasan,110,80.00
Kancheevaram (Old Edition),Priyadarsan,104,80.00
Bhagavathar: Oru Superstarinte Katha,B Sreeraj,184,130.00
Churam Kayarukayanu Irangukayanu,Arshad Bathery,110,95.00
Sreeramakrishna Sangha Sanyasimar Keralathil,Rajeev Irinjalakkuda,170,125.00
Vyloppilli,M N Vijayan,264,210.00
Ramayanam Quiz,Snehaj Srinivas,70,60.00
Himalayam: Yathrakalude Oru Pusthakam,Shoukath,254,200.00
Nandadevi: Mattoru Himalayam,K R Ajayan,96,65.00
Aadanum Paadanum Aangyapattukal,Bimalkumar Ramankari,64,75.00
Kudumba Doctor,"P M Madhu, Dr.",120,80.00
Maupassant: Paricharakante Ormakal,Francois Tassart,254,180.00
Soviet Naattile Baalakathakalum Nadodi Kathakalum (in 2 volumes),"K Srikumar, Dr.",2048,"2,250.00"
Jathaka Kathakal,Mangad Ratnakaran,55,45.00
Jeevithavijaya Mantrangal,Epictetus,160,100.00
Akkitham Kavithakal Sampoornam,Akkitham,1192,700.00
Dasadhyayi (Malayalam),"K H Namboodiripad
                            
                                            
                            ,                 
                                                      Thalakkulath Govinda Bhattathiri",815,525.00
Mookambika Darsanam,Sukesh P D,99,125.00
Agraharathile Poocha,Jayakanthan,192,130.00
Bhagavatham Kuttikalkku,Ashitha,215,165.00
Raveendrante Thirakkathakal,Raveendran,176,130.00
Kshetra Rahasyavum Devathakalum,Swami Nirmalanandagiri Maharaj,112,100.00
Oru Indian Communistinte Ormakkurippukal,"K Damodaran
                            
                                            
                            ,                 
                                                      Tariq Ali",80,65.00
Krishnapaksham,Kaithapram Damodaran Namboothiri,135,95.00
Vaishnavam,Vishnu Narayanan Namboodiri,1120,850.00
Samthrupthamaya Sthreepurusha Bandhangal,P K A Rasheed,199,150.00
Indiaye Thediyethiyavar,Anu Kumar,168,120.00
Osama bin Laden,B Sreeraj,174,120.00
Swarnam: Ariyendathellam,P P Pradosh,103,75.00
Malayaliyude Paramparyam,P Kunhiraman Nair,167,115.00
R M Manakkalath: Dhikkarathinte Vrathasudhi,Rosy Thampy,123,100.00
Nilaparvatham,Bibhutibhushan Bandopadhyay,112,80.00
Kalakarante Kumbasarangal,Charles Baudelaire,119,85.00
Balthazar (Malayalam),Lawrence Durrell,206,140.00
China Innu,Mathew John,327,230.00
Poojyam: Onnumillaymayude Syamasaundaryam,C P Muhammed,88,60.00
Pyramidukalude Naattil,K P Sudheera,128,90.00
Aathmavinte Agni,Osho,280,180.00
25 Tolstoy Kathakal,Leo Tolstoy,47,40.00
Kizhavan Goriot,"Balzac, Honore de",280,175.00
Kathabharatham,Many Authors,176,120.00
Oru Sakalitha Jeevitham,Swadesh Deepak,328,210.00
Kaivalya Navaneetham,Thandavamurthy Swami,142,100.00
Oru Malayali Bhranthante Diary,N Prabhakaran,94,75.00
Vamsananthara Thalamura,V R Sudheesh,95,70.00
Yogadarsanam Noottandukaliloode,P K Sreedharan,248,175.00
Varikalkkappuram,Kuldip Nayar,510,350.00
Gopikrishnante Cartoonukal,Gopikrishnan (Cartoonist),327,425.00
Aa Vaakkinte Artham,S Jayachandran Nair,112,85.00
Thathagatham,Satchidanandan,93,75.00
Thanneerkudiyante Thandu,M Mukundan,87,65.00
Aathmavil Ninnu Jeevithathilekku,Shoukath,112,85.00
Vasanthathinte Abhrajalakam,Radhalakshmi Padmarajan,128,100.00
Malayalam: Malayala bhashayude Bhavi- Varthamanangal,Many Authors,80,40.00
Kuttikkaalam Rabindranath Tagore(Mathrubhumi Edition),Rabindranath Tagore,79,55.00
Oru Thulli Velicham,P N Das,224,200.00
Priyappetta Yathrakal: Athens Muthal Haridwar Vare,Many Authors,188,150.00
Bavuttiyude Namathil (Screenplay),Renjith,136,100.00
Civil Servicilekkulla Vijayavazhikal,B Ashok,72,60.00
Manthravaadam Keralathil,Kattumadam Narayanan,109,75.00
Priyappetta Yathrakal: Dhanushkodi Muthal Sahara Vare,Many Authors,185,140.00
V T-yude Prabhashanangal,V T Bhattathirippad,110,80.00
Ulyssesinte Sahasikayathra,"Charles Lamb
                            
                                            
                            ,                 
                                                      Homer",96,70.00
Prameham: Ini Pedi Venda,Many Authors,264,200.00
Kathakaliyude Rangapada Charithram,"Kalamandalam M P S Namboothiri
                            
                                            
                            ,                 
                                                      Killimangalam Namboothiripad",278,195.00
Ramanan Randaman,M K Khareem,134,95.00
Sree Sankara Bhagavadpadarude Gayathri Vyakhyanam,"V Panoli
                            
                                            
                            ,                 
                                                      Sri Sankaracharyar",64,5.00
Oru Mudanthante Suvisesham,Kalpetta Narayanan,112,95.00
Ponthakkaadukal,S K Pottekkatt,71,55.00
Kabeena,S K Pottekkatt,72,"55.00

              50.00"
Koo Koo Koo Koo Theevandi,Anita Nair,128,125.00
Bheethiyude Thazhvara,Arthur Conan Doyle,182,175.00
Sufism: Pranayam Maunam Anandam,Siddiq Muhammad,152,115.00
Samsaarikkunna Diarykurippukal,S K Pottekkatt,198,130.00
Paryatanam,S K Pottekkatt,175,135.00
Darsana Talkies (Old Edition),E V Reji,95,"70.00

              55.00"
Mathrubhumi Azhchapathippu Kathakal 2012,Many Authors,470,300.00
Malabar Cookery (Malayalam),Thasnim Azees,152,120.00
Dhanyamee Dinam,P R Nadhan,336,250.00
Veedukal Kathunnu,Joy Mathew,200,140.00
Thunchath Ezhuthachan,Malayath Appunni,64,45.00
Mahakavi Vallathol,Malayath Appunni,71,50.00
Dracula,Anwar Abdulla,110,80.00
San Mishelinte Katha,Axel Munthe,416,370.00
Krishigeetha: Paristhithi Arivadayalangal,Many Authors,133,95.00
Avar Naalu Per,N P Muhammed,62,45.00
Nahusha Puranam,K Radhakrishnan (Late),430,340.00
Paralmeen Neenthunna Paadam,C V Balakrishnan,208,170.00
Thirunamacharyan Aanjam Thirumeni,Unnikrishnan Puthoor,159,110.00
Cheriya Cheriya Athmeeya Kathakal,Theni Ponganesh,120,110.00
Kaalam Kaliyugam (Also published as Devayamangal),Ettumanoor Sivakumar,205,160.00
Megharagam,S Sreedevi,207,160.00
Appol Naam Daivathinte Manasariyum,Prasad M Alex,143,100.00
Jokumaraswamy,Chandrasekhara Kambar,94,70.00
Athmasauhrudam,Many Authors,112,80.00
Bhagavad Gita Nithya Jeevithathil,Gopalakrishna Vaidik,103,80.00
Iyyobinte Darsanika Vyathakal,K C Varghese,135,95.00
Oru Himalaya Yathra,K Madhavanar,104,90.00
Chathurveda Samhitha (in 4 volumes),"Narendrabhooshan, Acharya",4320,"2,600.00"
T K Padmini: Kalayum Kaalavum,Many Authors,128,350.00
Namboothiriyude Sthreekal,Namboothiri,118,300.00
Mahasweta Deviyodoppam,Josy Joseph,119,80.00
Vasco da Gamayude Katha,Matthew Tyson Yates,78,70.00
Sufism: Pranayathinte Veenju,E M Hashim,150,115.00
Thankathilakkam,Chandramati,64,45.00
Om Allah!,Shahbas Aman,183,135.00
Idathupakshavum Kannur Rashtreeyavum,T Sasidharan,175,125.00
Classic Cinemakal Kuttikalkku,Sajan Theruvappuzha,175,150.00
Russian Classic Kathakal,Many Authors,95,60.00
Pattuthoovala,K Sreekumar,103,75.00
Oru Prethanweshakante Nigooda Rahasyangal,Sunil Parameswaran,150,115.00
Bhramana Devatha,Sunil Parameswaran,88,65.00
Goliyum Valappottum,Subhash Chandran,111,75.00
Munikathakal,K Sreekumar,96,65.00
Pazhanchollu Paranju Kalikkam,U Radhakrishnan,119,90.00
Vanna Vazhiyil Kandathum Thonniyathum,N Gopalakrishnan,136,95.00
P N Menon: Vigraha Bhanjakarkkoru Prathishda,John Paul,116,85.00
Benjamin Franklinte Athmakatha,Benjamin Franklin,198,130.00
Magic School Bus,Unni Ammayambalam,127,90.00
Mayajaalam,K K Sudhakaran,271,200.00
Maanikyakallu,M Mohanan,120,85.00
David Copperfield (Malayalam Mathrubhumi Edition),Charles Dickens,111,75.00
Adaminte Makan Abu: Drusya Darsanangalile Kaalavum Desavum,Many Authors,224,150.00
Mammootty: Bhashayum Desavum,Manoj Bharathy,109,75.00
Ammukkuttiyude Daya,Nalini Sreedharan,102,65.00
Bharathapuzha,Rajan Chungath,192,135.00
Karnan,P Kunhiraman Nair,88,70.00
Idikkaloori Panambattadi,P N Gopikrishnan,144,120.00
Baul: Jeevithavum Sangeethavum,Mimlu Sen,246,175.00
Kaatte Kadale,P P Ramachandran,79,55.00
Kazhchayude Bhoopadam,T Suresh Babu,216,150.00
Kon Banega Narayanamurthy,Debashis Chatterjee,160,125.00
Bahujanam,Sharan Kumar Limbale,230,160.00
Mahakavi Ulloor,Malayath Appunni,79,55.00
Mahakavi Kumaranansan,Malayath Appunni,78,55.00
Rakshasante Chiri,Thikkodian,56,40.00
Manasiyude Aswamedham,G S Pradeep,198,140.00
Bhoomiyile Malakha,Subhash Chandran,112,85.00
Antharvahini,S K Pottekkatt,64,60.00
Ezham Nilayile Aakasam,Raghunath Paleri,111,100.00
Cinemayude Nottangal,K Gopinathan,160,115.00
Akkarmasi,Sharan Kumar Limbale,175,190.00
Aesop Kathakal (Mathrubhumi Edition),"Aesop
                            
                                            
                            ,                 
                                                      S Sivadas, Prof.",312,200.00
Who's Who (Malayalam),Bindu G Krishnan,176,100.00
Kuttikalude Manasariyuka,Beena Govind,136,100.00
Kappithaal,Biju C P,103,70.00
Marunnarivukal,Leena Thomas,96,70.00
Himachalinte Nissanthwanangal,Asha Menon,119,110.00
Upanishad Jnanam,Ramanuj Prasad,142,100.00
Delhi: Charithravum Varthamanavum,K K Subair,208,145.00
Rajuvum Roniyum,K V Ramanathan,120,80.00
Adbhutha Neerali,K V Ramanathan,159,125.00
Adbhutha Vaanaranmar,K V Ramanathan,136,120.00
Anthimahakaalam,Akkitham,104,75.00
Indian Chithrakaran,Many Authors,168,120.00
Sugandha Sasyangalkidayiloode,C V Balakrishnan,175,120.00
Islamika Mysticism,T V Abdurahman,152,120.00
A Dictionary of Amusing English,O Abootty,163,85.00
Policukarante Pennmakkal,U K Kumaran,80,60.00
Rappakal,T A Razak,144,100.00
Swarnachamaram,Ravi Menon,190,135.00
Usthad Hotel,Anjali Menon,143,100.00
Writer's Block,B Murali,87,60.00
Moonnamloka Kavitha,Satchidanandan,439,300.00
The Professional (Malayalam),Subroto Bagchi,159,110.00
Desadanam,Baiju N Nair,152,115.00
Padanam Rasakaram,P K A Rasheed,208,140.00
Mathilukal (Screenplay),Adoor Gopalakrishnan,95,65.00
Athinal Njan Bhranthanayilla,K G Sankara Pillai,103,75.00
P.yude Pranaya Paapangal,Alankodu Leelakrishnan,94,70.00
Sri Lanka: Asanthiyude Thuruthile Rithubhedangal,Jaison Panikulangara,175,125.00
Swapna Jaagarangalil,Raveendran,231,170.00
Avasanathe Photo,Many Authors,253,175.00
Chuvappil Oru Padanam,Arthur Conan Doyle,149,90.00
Olicamerakal Parayaathathu,Berlin Kunjananthan Nair,200,140.00
Mathrubhumi Viswothara Kathakal,Many Authors,168,130.00
PGyude Vayanalokam,P Govinda Pillai,270,175.00
Facebook,Madhupal,110,90.00
Nandipoorvam,B Hrudayakumari,214,150.00
CPM Fascisathinte Pathayil,K Venu,208,140.00
51 Vettinte Rashtreeyam,Many Authors,184,130.00
Ee Edathy Nonaye Parayoo,Akkitham,48,35.00
Paris Commune,Rahim Kadavath,104,70.00
Janadhipathyavum Civil Samoohavum,K Venu,120,80.00
D,Susmesh Chandroth,167,125.00
Maalakhamare Marayolle,Ashtamoorthi,110,75.00
Basheer: Usthadum Njanum,V Abdulla,102,70.00
Balachandra Menonte 12 Cherukathakal,Balachandra Menon,88,65.00
Dam 999,Sohan Roy,128,90.00
Orma Mathram,C V Balakrishnan,94,70.00
Compassum Vettakkolum,Fazil,88,60.00
Sivam Panchakedaram,K B Prasannakumar,87,75.00
Yesudevan,K P Kesava Menon,335,250.00
Mayilukal Savarikkirangiya Cheriviloode,V Muzafar Ahamed,126,90.00
Stalinum Stalinisavum,Somasekharan,206,140.00
Pakal Nakshatrangal,Anoop Menon,79,55.00
Padmarajan Duranthakamanakalile Gandharvan,Sajith Evooreth,175,120.00
Hrudayathinte Kayyoppu,Mohanlal,110,100.00
Appunni,V K N,112,75.00
Kidappara Samaram,P V Shajikumar,118,95.00
Kuppichillukalum Rosadalangalum,Vayalar Ramavarma,199,140.00
Azhakiya Ravanan,Sreenivasan,134,90.00
Mathrubhasha Malayalam,P K Thilak,255,470.00
Enrich Your English,P K Jayaraj,238,400.00
Ninte Viswasam Ninne Poruppikkum,Kovilan,80,55.00
Kavithayile Vazhithirivukal,O N V Kurup,62,30.00
Kovilakangalum Kottarangalum,Murali,100,45.00
Himagiri Viharam,Swami Thapovanam,416,300.00
Vaakkeriyumpol,G S Pradeep,103,70.00
Chirichum Chirippichum,Maniyanpilla Raju,200,150.00
Pranayaharsham,Jalaluddin Rumi,70,50.00
Pranayadaham,Khalil Gibran,88,65.00
Daivathinte Sontham,Bindu Krishnan,78,60.00
Pusthakangalum Manushyaranu,N Sasidharan,128,80.00
Kaattile Kathakal,Rudyard Kipling,175,115.00
Khushwant Singh Oru Thuranna Pusthakam,Khushwant Singh,127,90.00
Uravidangal,Jayamohan (Tamil writer),142,90.00
Ennum Snehathode P K Warrier,"K Muraleedharan, Dr.",94,65.00
Mathrubhumi Azhchapathippu Kathakal 2011,Many Authors,366,250.00
Sreemad Bhagavatha Sapthaham,T S Parameswaran Moothathu,415,270.00
Sthaanam Thettiya Vasthu,Anand,176,135.00
Prasangakala,George Pulikkan,88,55.00
Chandanagramam,Myna Umaiban,144,50.00
Maarunna Lokam Maarunna Madhyamalokam,N P Rajendran,118,75.00
Orkkanundu Kure Ormakal,"K Rajasekharan Nair, Dr.",183,120.00
Aadivasikalum Mulankadukalum,K R Satheesan Nair,87,70.00
Anandothsavathinte Mahaguru,Francois Gautier,199,130.00
Nokkoo Ayal Ningalilthanneyund,Akbar Kakkattil,84,45.00
China Mara Neengumpol,Pallavi Aiyar,230,160.00
Pusthakangale Athiruvittu Snehichavan,Allison Hoover Bartlett,221,150.00
Kaipunyam,Punathil Kunjabdulla,78,50.00
Ayyappa Rahasyam,M R Rajesh,112,85.00
Minnalil Ninnu Raksha,K K Vasu,175,110.00
Revenue Stamp,Amrita Pritam,152,100.00
Njan,N N Pillai,542,600.00
Malayalathinte Anaswarakathakal Padanangal,Mini Prasad,135,105.00
Ulvelicham ,N P Muhammed,110,50.00
Indian Rupee,Renjith,151,100.00
Muhammad Ali Jinnah: Muslim Leagum Pakisthan Vadavum,Ayesha Jalal,246,175.00
Thiranjedutha Kavithakal Kechery,Yusuf Ali Kechery,240,165.00
Viswasyathayude Ormakkurippukal,Somnath Chatterjee,391,250.00
M G Radhakrishnan: Jeevitham Sangeetham Orma,Many Authors,208,140.00
Aligarh Kathakal,Punathil Kunjabdulla,222,200.00
Paper Lodge,Susmesh Chandroth,320,245.00
Mochanam ,G Balachandran,567,280.00
Smruthichitrangal,M P Veerendrakumar,112,50.00
Harithabhoopadam,Joseph Antony,208,125.00
Samanathalam,K Radhakrishnan (Late),752,580.00
Pranayam (English),Blessy,111,100.00
Mazhayil Parakkunna Pakshikal,K R Meera,223,150.00
Oru Manassavuka,Sukumar Azheekode,240,160.00
Das Capital,Subhash Chandran,112,85.00
Raveendra Sarovaram,V S Sharma,224,150.00
Oppam Nadakkunna Pichakam,K C Pankajakshi Amma,87,65.00
Yathra: Anubhavangalude Samaharam,Many Authors,223,145.00
Athmadamsanam,Myna Umaiban,96,65.00
Communist Bharanavum Vimochana Samaravum,A Jayasankar,352,250.00
Sanjayan Sampoorna Krithikal (in 2 Volumes),Sanjayan,1726,850.00
Yatheeminte Narangamithayi,P T Muhamed Sadik,,90.00
Puram Marupuram,N S Madhavan,,110.00
Mohan Raghavan: Orormapusthakam,Many Authors,,90.00
Sesham Vellithirayil,Sathyan Anthikad,,55.00
Alappuzha: Kizhakkinte Venice,P J Francis,120,85.00
Anna Hazareyude Jeevithakatha,M Padmaja Menon,72,50.00
Ramante Dukham,M P Veerendrakumar,,80.00
Roshathinte Vithukal,M P Veerendrakumar,,80.00
Arshajnanam,Nalappattu Narayana Menon,447,275.00
Swapnatanam: Jeevithavum Cinemayum,Thaha Madayi,,100.00
Guruvinte Jeevitham,Moorkoth Kunhappa,120,50.00
Voltaire (Old Edition),P R Ravi,,90.00
Ithanu Ente Sari,N N Pillai,350,250.00
Thrippadidanam: Uthradam Thirunalinte Rajasmaranakal,S Uma Maheswari,,240.00
Pranava Sadhana Rahasyam,M R Rajesh,55,50.00
Swarnakkampili,Sippi Pallippuram,,50.00
Ketta Kathakalum Kelkkatha Kathakalum,Sumangala,166,125.00
Sherlock Holmes Americayil,Mark Twain,,45.00
How To Fall In Love With English (Malayalam),V Sukumaran,182,120.00
Sampathika Asoothranathiloode Jeevithavijayam,Manoj Thomas,,75.00
Mahakavikalude Balakavithakal,Many Authors,72,55.00
Vala,Balamaniamma,,30.00
Car Paricharanam,Baiju N Nair,78,50.00
Car Vangumpol,Baiju N Nair,63,40.00
Prasnamargam Bhasha Samgraham,Ramakrishna Panicker Peringad,,250.00
Kaattu Vithachavar,Abraham Mathew,240,145.00
Lokakavitha: Chila Edukal,Desamangalam Ramakrishnan,271,190.00
Malayala Kavitha Padanangal,Satchidanandan,423,325.00
Subhapthiviswasam,Helen Keller,,45.00
Kafka: Jeevithavum Rachanayum,Selin Mathew,175,125.00
Kozhikkodinte Paithrukam,T B Seluraj,312,215.00
Malabar: Paithrukavum Prathapavum,Many Authors,616,475.00
Kuttikalude Pravachakan,Kathiyalam Aboobaker,95,50.00
Mulla Naasruddin Kathakal (Mathrubhumi Edition),M N Karassery,,270.00
Rathimathavinte Puthran,Pramod Raman,,90.00
Sathyamennathu Ivite Manushyanakunnu,V T Bhattathirippad,,60.00
Ramzan Recipes,Raziya Latheef,,90.00
Swarnathil Engane Nikshepikkam,R Roshan,,"65.00

              58.00"
Viswothara Russian Balakathakal,Many Authors,,200.00
Indiayude Chaithanyam,A P J Abdul Kalam,148,115.00
Orachan Makalkkayacha Kathukal,Jawaharlal Nehru,,75.00
Urine Therapy (Malayalam),J W Armstrong,,200.00
Arabiyum Mattu Kathakalum,James Joyce,103,65.00
Vedangalile Saktheyarahasyam,M R Rajesh,,40.00
Onpathu Jeevithangal,William Dalrymple,,200.00
Sherlock Holmesinte Sahasangal,Arthur Conan Doyle,,200.00
Sugandhodyanam,Shaykh Nefzawi,,125.00
Aatho Poratho,Sivadas Poyilkavu,88,55.00
Cinema Samskaram,Adoor Gopalakrishnan,103,70.00
Adoor Gopalakrishnan: Cinemayil Oru Jeevitham,Gautaman Bhaskaran,238,175.00
Maunangal Patukayayirunnu,M D Manoj,158,100.00
Husnul Jamal,D Vinayachandran,,45.00
Adaminte Makan Abu,Salim Ahammed,86,60.00
Shikkar,S Sureshbabu,,80.00
Wayanadan Ramayanam,Azeez Tharuvana,,150.00
Kaalavasthayum Rashtreeyavum,"George Varghese, Dr.",144,90.00
Kaivarthakandam,Mahasweta Devi,95,60.00
Diabetes Can Be Cured Forever,"M V I Mammi, Dr.",112,125.00
Aathmaviswasam Valiya Marunnu,Punathil Kunjabdulla,160,120.00
Indiaye Kandethal,Jawaharlal Nehru,671,500.00
Sambhashanangal: J Krishnamurthy,J Krishnamurti,,50.00
Pravasiyude Kurippukal,Babu Bharadwaj,,170.00
Madyathil Ninnum Mayakkumarunnil Ninnum Saswathamochanam,N P Hafiz Mohamad,272,175.00
Pranayam,Blessy,,80.00
Vayalar,Chelangatt Gopalakrishnan,,85.00
Polichezhuth,Berlin Kunjananthan Nair,,240.00
Kadalolam Kathakal,"K Sreekumar
                            
                                            
                            ,                 
                                                      Somadevabhattan",958,600.00
Kuttikalude Bhagavad Gita,C V Sudheendran,102,75.00
Athisayaragam,Ravi Menon,200,180.00
Harinamakeerthanam (Sruthipriya Vyakhyanam),Thunchath Ezhuthachan,183,140.00
Pranayasameere,K P Sudheera,,240.00
Panthirukulathinte Pingamikal,Rajan Chungath,,45.00
Manusmruthi: Sathyavum Mithyayum,M R Rajesh,64,50.00
Vilanilangal,Lizy,,110.00
Shesher Kobitha  (Old Edition),Rabindranath Tagore,,"60.00

              48.00"
Jeevithasmrithi (Old Edition),Rabindranath Tagore,168,"100.00

              85.00"
Balamani Ammayude Kavithalokangal,M Leelavathi,384,230.00
Albathile Ormakal,Vaidyamadam Cheriya  Nambudiri,,320.00
Dracula ( Malayalam Abridged Mathrubhumi Edition),Bram Stoker,160,100.00
Sreemad Bhagavadgeetha Rahasyam,"Bal Gangadhar Tilak
                            
                                            
                            ,                 
                                                      Narendrabhooshan, Acharya",,500.00
Kuttikalude Vivekanandan,V S Sharma,103,70.00
Vedangalile Sastradeepthi,M R Rajesh,,80.00
Kaumaravum Jeevithavijayavum,"Jobin S Kottaram
                            
                                            
                            ,                 
                                                      Sebin S Kottaram",118,75.00
Misihayanam,Yusuf Ali Kechery,,55.00
Changampuzha: Vidhiyude Vettamrugam,M P Veerendrakumar,141,90.00
Njan Ningalkkethire Aakasatheyum Bhumiyeyum Sakshyam Vekkunnu,S Saradakkutty,,95.00
Sopanatathvam,Kavalam Narayana Panikkar,,160.00
Italian Nadodikathakal,P Ajithkumar,78,55.00
Non Veg Pasuvum Mattu Kathakalum,Mahasweta Devi,,75.00
Adhinivesathinte Adiyozhukkukal,M P Veerendrakumar,,105.00
Best Actor,Martin Prakkatt,136,85.00
Nawab Tipu Sultan: Oru Padanam,K K N Kurup,,100.00
Pavanaparvam,Parvathi Pavanan,,100.00
Bharatham ,Lohithadas,102,60.00
Amaram,Lohithadas,,60.00
Christmas Kathakal,Many Authors,95,75.00
Kakkadinte Kavithakal,N N Kakkad,591,450.00
Prabhashanam Sambhashanam Nireekshanam,U R Ananthamurthy,,75.00
Irom Sharmila: Pathittandu Neenda Porattam,B Sreeraj,150,95.00
Cancerine Kurichu Ariyendathellam,"M Krishnan Nair, Dr.",368,220.00
Indiayum Chinthayum,Sukumar Azheekode,255,150.00
Pothuvijnanam: Thettum Sariyum,R C Sureshkumar,,140.00
Veenjuvirunnu,K K Sudhakaran,,65.00
Mattu Palarudeyum Kaamukan,K K Sudhakaran,,85.00
The Shooting Party (Malayalam),Anton Chekhov,,120.00
Agniyum Kathakalum,Sithara S,84,50.00
Sreemad Devi Mahabhagavatham,T Subramanian Thirumump,,"1,100.00"
Socialist Movement In Travancore- Cochin,Varughese George,,95.00
Andhakaranazhi,E Santhoshkumar,368,280.00
Manas Oru Samasya,Many Authors,100,100.00
"Varoo, Namukku Poompattakale Nireekshikkam",Abdulla Paleri,,80.00
Sindhulipi Padanam Ithuvare,M R Raghava Warrier,,35.00
Udalil Kothiya Charithra Smaranakal,K P Jayakumar,,65.00
Surakshayude Padangal,Muralee Thummarukudy,,65.00
Enthanu Hindumatham?,M K Gandhi,96,70.00
Oorukeri (Old Edition),Sidhalingayya,,65.00
Ezhuthukariyude Muri,Virginia Woolf,143,160.00
Natyakala: Sidhanthavum Prayogavum (with FREE VCD),P G Janardhanan,310,225.00
Aathmakathayile Pennmanasukal,Sreekumaran Thampi,96,45.00
Malayalathinte Bhavi (Old Edition),K Sethuraman,368,225.00
Mamsanibadhamalla Ragam,V T Gopalakrishnan,84,50.00
Palakkattucherry Muthal Palakkadu Vare (Old Edition),V C Kabeer,,150.00
Raveendra Sangeetham: Kelkkatha Ragangal,Sobhana Raveendran,,115.00
Nithyajeevithathile Manasika Prasnangal,S Sajeevkumar,,170.00
Bhranthan (Mathrubhumi Edition),Khalil Gibran,72,65.00
Madhupalinte Kathakal,Madhupal,216,150.00
Ekagrathayum Dhyanavum,Swamy Paramananda,48,45.00
Saswathamaya Anandam Kaivarikkam  (Old Edition),Y S Rajan,,"60.00

              45.00"
Thathsamayam,Kalpetta Narayanan,,110.00
Thurannuvacha Sangeetha Jalakangal,V T Murali,,60.00
Tasty Treat,Thasnim Azees,,100.00
Poomully Aaram Thampuran,V K Sreeraman,,425.00
Bengal: Chila Apriya Sathyangal,N P Rajendran,80,50.00
Kunthi,Rajan Thiruvoth,330,200.00
Mahathmaji- Mathrubhumi Rekhakal,Many Authors,275,300.00
Narakathinte Bhoopadangal,P K Rajasekharan,,125.00
Kshethravilakkukal (Old Edition),Punathil Kunjabdulla,164,75.00
Navagrahangalude Thadavara,Punathil Kunjabdulla,,100.00
Budhante Chiri,M P Veerendrakumar,159,145.00
Karnataka Sangeetha Pravesika,Nedumangad S Sasidharan Nair,220,130.00
Budhamanasam,E M Hashim,182,140.00
Plachimadayile Jalachooshanavum Janakeeya Prathirodhavum (Old Edition),Many Authors,,"35.00

              30.00"
Malamukalile Abdulla,Punathil Kunjabdulla,94,45.00
Chuvanna Adayalangal,K M Shajahan,222,125.00
Aanappaka (Old Edition),Unnikrishnan Puthoor,570,295.00
Daivathinte Rashtreeyam,Hameed Chennamangaloor,208,160.00
Mumbai,Lizy,,100.00
Ennum Yuvathvam,"P A Varghese, Prof.",112,75.00
Pazhasi Samararekhakal,K K N Kurup,,100.00
Chirikku Pinnil,Innocent,160,110.00
School Kuttikal,Nikolay Nosov,,110.00
Puravritha Padanam,M V Vishnu Namboodhiri,,120.00
Edakkal Caves & The History of Wayanad,O K Johny,228,150.00
T D Dasan Std VI B,Mohan Raghavan,,60.00
Indian Yathrakal,Sreekanth Kottakkal,168,125.00
Pranayasatakam,T P Rajeevan,,125.00
Dathapaharam,V J James,174,150.00
Adarunna Kakkakal,Asha Menon,100,65.00
Bharathan,Kovilan,112,60.00
Swayam,P Padmarajan,,40.00
Madhavikkuttiyude Sthreekal,Madhavikkutty,167,100.00
Thikkodiyante Sampoorna Naadakangal,Thikkodian,,350.00
Gireesh Puthancheriyude Kavithakal,Gireesh Puthanchery,152,105.00
Kalkkandakottaram,Sippi Pallippuram,60,50.00
Kure Sthreekal,Punathil Kunjabdulla,164,85.00
Kochilathiyum Kattalanum,Nirmala James,62,30.00
Vanka,Anton Chekhov,32,30.00
Naam Munnottu (in 5 Volumes),K P Kesava Menon,,"1,100.00"
Naadan Paattumanjari,M V Vishnu Namboodhiri,,85.00
Ammemkunjunneem Kunjunneemammem,Priya A S,94,90.00
Ormayile Pachakal,Kalamandalam Gopi,,125.00
Brechtinte Kala,Berthold Brecht,184,75.00
P- Mayatha Kalpadukal,Many Authors,,80.00
Mullaperiyar Anakkettum Keralathinte Bhaviyum (Old Edition),Sasidharan Mangathil,,"45.00

              36.00"
Nayanan Enna Atbhuthabalan,Satyajit Ray,,45.00
Ormasakthi Vardhippikkam,P K A Rasheed,,225.00
Mahathma (Play) (Old Edition),K P Kesava Menon,77,40.00
Moonnarinte Katha,Sulochana Nalapat,,75.00
Sivapuranam (poetry),Kunchan Nambiar,176,120.00
Vandikkalakal,Madhavikkutty,,110.00
Kadathanattu Madhaviyammayude Kavithakal (Old Edition),Kadathanattu Madhaviyamma,180,90.00
Rue Morgueile Kolapathakangalum Kathakalum,Edgar Allan Poe,,100.00
Apakva Yuvavu,Fyodor Dostoyevsky,676,400.00
A Ayyappan: Kanneerinte Kanakkupusthakam,A Ayyappan,79,60.00
Kolangal,K G George,128,90.00
Kuttikalude Kalidasan,M R Raghava Warrier,142,130.00
Adithattukal,Satchidanandan,116,60.00
Christmas Maravum Mattu Kathakalum,Charles Dickens,68,45.00
The City of M (Malayalam),Anwar Abdulla,,100.00
Atharvaveda Samhitha,M R Rajesh,1248,480.00
Hanuman,K C Krishnakumar,60,40.00
Karnan,Ganesh Panniyath,44,30.00
Valare Thamasichupoyi,Alim Masroor,,100.00
Thathrikkuttiyude Smarthavicharam,Alankodu Leelakrishnan,,90.00
Keraleeya Vastuvidya Paramparyam,"P V Ouseph, Dr.",144,95.00
Devayanagaliloode,Vaidyamadam Cheriya  Nambudiri,124,70.00
Adhikarathinte Akathalangalil,P C Sukumaran Nair,,95.00
Irukaali Moottakal (Old Edition),C P Nair,,45.00
Uyarchayude Maargarekha (Old Edition),"P A Varghese, Prof.",,60.00
Budhanum Naanuguruvum,K Sugathan,200,140.00
Ibsente Lokam,P J Thomas,156,75.00
Ormakaliloode,P P Ummerkoya,,40.00
Satyam Parayunna Nunayanmar  (Old Edition),Jamal Kochangadi,,"60.00

              48.00"
Utbhavam  (Old Edition),B V Vaikunda Raju,,60.00
Arabikkadalum Arabikkarayum,Usman Irumbuzhi,92,45.00
Theerthadana Smaranakal,Elayidath Venugopal,,75.00
Birbal Kathakal (Mathrubhumi Edition),P I Sankaranarayanan,148,90.00
Edasseri Kavithakal,Edasseri Govindan Nair,814,500.00
Balamaniammayude Kavithakal (Sampoorna Samaharam),Balamaniamma,760,450.00
Sree Mahabhagavatham (Mathrubhumi Edition),Akkitham,,"1,200.00"
Indian National Congress Noottandukalilude,Samad Mankada,444,265.00
Kumaranasante Kuttikkavithakal,Kumaranasan,47,40.00
Kerala Pazhama,Hermann Gundert,158,50.00
Unto This Last (Malayalam),John Ruskin,,50.00
Gowriammayude Aathmakatha,K R Gowriamma,388,390.00
Sangathi,Bama,,75.00
Ayurvedavum Dheerghayussum,"K Muraleedharan, Dr.",119,90.00
Hasthyayurvedam,Palakapya Maharshi,686,365.00
Yiramyav: Atimayude Jeevitham,Anilkumar A V,,"50.00

              40.00"
Charithrathile India,M R Raghava Warrier,200,150.00
Pampa Bharatham,Mahakavi Pampan,,200.00
Manushyalaya Chandrika,Tirumangalath Neelakantan Musath,279,210.00
Keralam Arunooru Kollam Munpu,Ibn Battuta,136,70.00
Keralam Jillakalilude,K C Krishnakumar,216,165.00
K T- yude Nalu Natakangal,K T Mohammed,252,150.00
Jayaprakash Narayanan Oru Viswapauran,V K Madhavan,132,80.00
Keralathile Karshika Kalapangal,K K N Kurup,176,85.00
Keralam Pathinanjum Pathinarum Noottandukalil,Shaikh Zainudheen,132,45.00
Atharva Veda Bhaishajyam,"C K Ramachandran, Dr.",276,165.00
Koonur Madam,Sunil Parameswaran,188,120.00
Dostoyevsky,G N Panicker,240,125.00
Perariyatha Nombaram,Yusuf Ali Kechery,,60.00
Bhoothavishtar,Fyodor Dostoyevsky,646,320.00
Wayanad Rekhakal,O K Johny,,230.00
Kolkatha Cocktail,Joshy Joseph,124,75.00
Leelavati: Sarabodhini Bhashavyakhyanam,Bhaskaracharyar,738,500.00
Pablo Neruda: Oru Padanam,Satchidanandan,,70.00
Karunayilekkulla Theerthadanam,P N Das,143,110.00
Ente Kavitha,Satchidanandan,208,100.00
Thamizh Sanghakala Kavithakal,Many Authors,,100.00
Laimgika Vijnanam (Mathrubhumi Edition),E A Karunakaran Nair,554,295.00
Sandhyadeepam,T P Balakrishnan Nair,,300.00
Visudha Santhi,Deedi Damodaran,,40.00
Chilappathikaaram (Mathrubhumi Edition),Ilangovadikal,170,80.00
Malayala Naataka Sthreecharithram,Sajitha Madathil,222,160.00
Udayaragam,M D Manoj,,110.00
Bharathasthreekal Noottandukaliloode,Paravur B Lathika Nair,334,220.00
Silviya Plathinte Masterpiece,Sreebala K Menon,,70.00
Kazhchaykkulla Vibhavangal,K V Anoop,86,60.00
Pachayude Album,Dhanyaraj,116,70.00
Violet Poochakalkku Soo Vaykan Thonnumbol,Priya A S,,50.00
Marana Vidyalayam,Susmesh Chandroth,,110.00
Neechavedam,E Santhoshkumar,,70.00
Amazonum Kure Vyakulathakalum,M P Veerendrakumar,,120.00
Aathmavilekku Oru Theerthayathra,M P Veerendrakumar,172,100.00
Pandalam Keralavarmayude Balakavithakal,Pandalam Keralavarma,,50.00
Prasanga Pariseelanam,T K D Muzhappilangadu,,125.00
Paristhithiyude Varthamanam,G Nirmala,,125.00
Lady Bird (Malayalam),D H Lawrence,108,65.00
Velutha Rathrikal,Fyodor Dostoyevsky,,50.00
Swiss Sketchukal,Raveendran,,50.00
Pithrukarmavidhi,K M Sreedharan Thanthri,,55.00
Adutha Veettile Aankutty,K K Sudhakaran,64,35.00
Kuttikalude Aarogyaraksha,"S Latha, Dr.",152,115.00
Innathe Chinthavishayam,Sathyan Anthikad,140,80.00
Vyakula Mathavinte Kannadikkoodu,V J James,,60.00
Gupthan Nayarude Lekhanangal (Old Editon),S Guptan Nair,168,80.00
Kozhi,V K N,110,100.00
Thazhvarayil Ninnu Oru Kattu (Old Edition),Thanuja S Bhattathiri,,60.00
Ujjayiniyile Rappakalukal,Vishnu Narayanan Namboodiri,,45.00
Brahmavinte Mudi,Maneka Gandhi,156,90.00
Karunakara Menonum East India Companiyum,Prema Jayakumar,104,60.00
Kazhinja Kaalam,K P Kesava Menon,372,350.00
Edasseriyude Prabandhangal,Edasseri Govindan Nair,148,70.00
Purushavilapam,K P Ramanunni,135,90.00
Sakhav,T V Krishnan,,110.00
Patharathe Munnottu,K Karunakaran,,185.00
Ezhuthiya Kaalam,V R Sudheesh,96,70.00
Budhapadam: Raveendrante Sancharangal,Raveendran,154,80.00
Kannaki,T N Gopakumar,96,45.00
Akalangalile Manushyar,Raveendran,212,100.00
Soodran,T N Gopakumar,80,55.00
Sreepriyayude Aadhikal,Akbar Kakkattil,87,60.00
Paschim Digante Pradosh Kale,Vikraman Nair,,125.00
Jeevitha Ganam,P N Das,255,200.00
Second Half,M P Surendran,,80.00
Naayayude Hrudayavum Mattu Kathakalum,Mikhail Bulgakov,,140.00
Kaanunna Nerathu,Subhash Chandran,111,100.00
Marayillathe,John Brittas,,80.00
Ente Bharathan Thirakkathakal,John Paul,336,220.00
Sayahnachinthakal,K P Kesava Menon,,110.00
Pennum Pranayavum,Rabindranath Tagore,,95.00
Malabarile Thirayattangal,C Gopalan Nair,76,45.00
Madhyeyingane,Subhash Chandran,112,85.00
Timepass,Protima Bedi,,200.00
Priyappetta Gabo,R V M Divakaran,,190.00
Amma (Old Edition),Judith Cornell,172,110.00
Ormayundavan,"P A Varghese, Prof.",,65.00
Pranayathadavukaran,Bilhana,,50.00
Islamika Rashtreeyam Vimarsikkappedunnu,M N Karassery,168,130.00
Loka Bala Kathakal,K Sreekumar,248,160.00
Sthree Ariyendathellam (Mathrubhumi Edition),Many Authors,,200.00
Basheer: Ormakkappuram,Punalur Rajan,76,45.00
Bilathivishesham,K P Kesava Menon,208,95.00
Vishukkani,Geethartha Amith,,60.00
M T: Kathayude Puthupadangal,N P Vijayakrishnan,140,80.00
Volga Tharangangal,T N Gopakumar,95,65.00
Harithadarsanam: Johnciyude Aathmakatha,"Johncy Jacob, Prof.",175,120.00
Vaikom Muhammad Basheer: Ezhuthum Jeevithavum,E M Ashraf,,65.00
Prabhathadeepam,K P Kesava Menon,,55.00
Budhan Kathiyeriyunnu (Zen Kathakal),P N Das,,110.00
Aakasabhoomikalude Thakkol,B M Suhara,262,170.00
Thadakatheerathu,E Harikumar,,75.00
P Bhaskarante Kavithakal,P Bhaskaran,,150.00
Poruthivalarnna Ezhuthukarikal,K P Vijayan,,120.00
Puthoorinte Kathakal,Unnikrishnan Puthoor,304,150.00
Manthravadavum Durmanthravadavum,M R Rajesh,143,90.00
Smruthikavyam,Vaikom Chandrasekharan Nair,,80.00
Maanthrika Vijnanam,M V Vishnu Namboodhiri,160,100.00
Naadan Premam,S K Pottekkatt,,110.00
Kathakathappainkili,Sumangala,206,160.00
Kochambratti (Old Edition),E Harikumar,180,85.00
Pranaya Kathakal,Punathil Kunjabdulla,,70.00
Sumeekko,Roman Kim,,120.00
Vadakkanpattukalile Veeranganamar,Payyannur Balakrishnan,,160.00
Latha Mangeshkar: Sangeethavum Jeevithavum,Jamal Kochangadi,276,175.00
Ekantha Rathrikal (Old Edition),Satheesh Babu Payyanur,88,45.00
Kamala Dasinte Thiranjedutha Kavithakal,Madhavikkutty,188,120.00
Abhinaya Padangal,Richard Boleslavsky,95,70.00
Cleopatrayude Naattil,S K Pottekkatt,120,100.00
Ningalenne Congressakki (Old Edition),A P Abdullakkutty,,75.00
Secular Police,P G Jathavedan Nampoothiri,455,300.00
Mahatma Gandhi (Mathrubhumi Edition),Romain Rolland,132,75.00
Hoovinu Sesham Hoo!,V K N,119,100.00
Aakasaganga,Ettumanoor Sivakumar,188,110.00
Mahathma,Rabindranath Tagore,92,50.00
Vatsalayude Kathakal,P Vatsala,,165.00
Mananchira Test,V K N,88,80.00
Sucheendram Rekhakal,T N Gopakumar,,30.00
Sooryakireedam,Ettumanoor Sivakumar,,125.00
Arogyadarsanam,M K Gandhi,110,85.00
Vinayachandrante Pranaya Kavithakal,D Vinayachandran,,120.00
Thanalidam,Radhalakshmi Padmarajan,,45.00
C Radhakrishnante Lekhanangal,C Radhakrishnan,296,150.00
Aputhrayam (Old Edition),Satyajit Ray,204,100.00
Sangeetha Rajankanathil,V Dakshinamurthy,,50.00
Ente Kuttikkaalam,Charlie Chaplin,120,100.00
Pavithramothiram,Ettumanoor Sivakumar,,100.00
Malabar Manual,William Logan,432,550.00
Khilafath Smaranakal,Mozhikunnathu Namboodirippad,176,135.00
Ente Keralam,Raveendran,268,170.00
Nilavinte Mattorizha,Madhavikkutty,,40.00
Nagnavanaran,Desmond Morris,,100.00
Aayirathonnu Raavukal,M Achuthan,720,500.00
Gothradaham,Vaikom Chandrasekharan Nair,212,100.00
Vadakkanpaattukaliloode,M K Panikkotty,,150.00
Nalloru Varalchaye Ellavarum Ishtappedunnu,P Sainath,,250.00
Nagnanaari,Desmond Morris,,200.00
Pulayappattu,M Mukundan,,325.00
Avalude Ravukal,Shareef,140,60.00
Irakal (Old Edition),K G George,152,75.00
Sahithya Quiz (Mathrubhumi Edition),K T Gopalan,,150.00
Bhakshya Paakavidhi,Manjeri N G Seetharamayyar,78,60.00
Kalikkalangalil Ninnu,Sukumar Azheekode,124,75.00
Azheekodinte Lekhanangal,Sukumar Azheekode,196,115.00
Kovilante Lekhanangal (Old Edition),Kovilan,264,125.00
A Minus B,Kovilan,164,80.00
Oru Chimizhu Manass,Urmila Unni,,35.00
Volgayil Manju Peyyumbol,Punathil Kunjabdulla,,65.00
Family Jokes (Old Edition),K S Kumar,100,"50.00

              42.00"
Jyothisham: Sathyavum Mithyayum,M V Raghavan,136,105.00
Ormakalude Kudamaattam,Sathyan Anthikad,127,100.00
Katha Thudarum,K P A C Lalitha,294,325.00
MAAyude Kathukal,Mandakini Narayanan,180,100.00
Nizhalurangunna Vazhikal,P Vatsala,,100.00
Comedy Talkies,Madhu Mohan,100,50.00
Joke's Own Country,Madhu Mohan,100,50.00
Fun Masala (Old Edition),Madhu Mohan,100,"50.00

              40.00"
Kuttanweshanam Noottandukaliloode,"Muralikrishna, Dr.",204,100.00
Rosadalangal,S Jayachandran Nair,540,350.00
Prabhakaran: Jeevithavum Rashtreeyavum,B Sreeraj,,90.00
Ammayude Lokam,Balamaniamma,164,80.00
Ente Sathyanweshana Pareekshakal (Mathrubhumi Edition),M K Gandhi,534,250.00
Haimavathabhuvil,M P Veerendrakumar,735,350.00
Indira Gandhi: Chembanineerppoo Veendum,K A Abbaas,188,120.00
Safalamee Yatra,N N Kakkad,,160.00
Prathishedhikkunna Aathmavukal (Mathrubhumi Edition),Khalil Gibran,,80.00
Itharavazhvukal,V K Sreeraman,140,70.00
Pranayarithukkal,Many Authors,,75.00
Jahanara,Jahanara Beagum,156,130.00
Amma Makkalodu,Sree Mata Amritanandamayidevi,208,100.00
Nashtappetta Neelambariyum Mattu Kathakalum,Madhavikkutty,167,150.00
Kireedam,Lohithadas,124,70.00
Aavasyamillaatha Achanammamar,Raghunath Paleri,108,50.00
Vismayam Pole,Raghunath Paleri,,65.00
Etho Rathriyude Pakal,Raghunath Paleri,135,90.00
Raghunath Paleriyude Kathakal,Raghunath Paleri,,100.00
Aanandavedam,Raghunath Paleri,436,225.00
Aithihyamala: The Great Legends of Kerala (in 2 Volumes),"Kottarathil Sankunni
                            
                                            
                            ,                 
                                                      Sreekumari Ramachandran",560,800.00
G Devarajan: Sangeethathinte Rajasilpi,Perumpuzha Gopalakrishnan,350,270.00
Thattakam,Kovilan,320,290.00
Aarogyavum Bhakshanakramavum,Many Authors,171,90.00
Innalathe Mazha,N Mohanan,126,130.00
School Diary,Akbar Kakkattil,100,65.00
Jeevithachinthakal,K P Kesava Menon,159,120.00
Ningalkkum IAS Nedam,Harikishore S,160,150.00
Kaalappakarchakal,Devaki Nilayangod,168,80.00
Ennu Swantham Janakikkutty,M T Vasudevan Nair,114,50.00
Vankadalile Thuzhavallakkar,M T Vasudevan Nair,,45.00
Ormakalil Thoovanmayi Padmarajan,Radhalakshmi Padmarajan,,50.00
Padmarajan Ente Gandharvan,Radhalakshmi Padmarajan,,85.00
Sreemad Bhagavatham,Thempatt Sankaran Nair,,700.00
Spoken English Companion,O Abootty,,175.00
Malayala Cinemayude Katha,Vijayakrishnan,210,100.00
Aparan (Screenplay),P Padmarajan,120,80.00
Avalude Katha,P Padmarajan,111,85.00
Idathupaksham Laimgikatha Zacharia,M Damodaran,,75.00
Mozhikalil Sangeethamayi,Ravi Menon,,150.00
Evideyo Oru Sathru,M T Vasudevan Nair,108,65.00
Vaakkukalude Vismayam,M T Vasudevan Nair,,150.00
Bhagyadevatha,Sathyan Anthikad,120,75.00
Sathyan Anthikaadinte Grameenar,Thaha Madayi,152,115.00
Padam Muppath,Akbar Kakkattil,,100.00
Adhyapaka Kathakal,Akbar Kakkattil,180,190.00
Prakruthi Pachakam,Abdul Raheem,,70.00
M Tyude Cinemakal,Kozhikkodan,184,100.00
